{"cameraMode":{"drawMode":0,"name":"Shaded","section":"Shading Mode"},"sceneLighting":true,"audioPlay":false,"sceneViewState":{"showFog":true,"showMaterialUpdate":false,"showSkybox":true,"showFlares":true,"showImageEffects":true,"showParticleSystems":true},"in2DMode":false,"pivot":{"x":0.20110484957695008,"y":-0.1674429029226303,"z":-1.3336516618728638},"rotation":{"x":0.3293929100036621,"y":0.6116892099380493,"z":-0.3105708658695221,"w":0.6487603187561035},"size":30.116600036621095,"orthographic":false}